Area,Bin Type,Central Asset ID,Class,Feature Location,Maintaining Authority,Site Name,Ward,long,lat
Canadian,Plastipole Bin Stand,00212268,OS-Local,ALEX MILLS PARK,City of Ballarat,Alex Mills Park,South,143.876788841737,-37.5792407153378
Learmonth,Plastipole Bin Stand,00212270,No Code Allocated,Learmonth Recreation Reserve,City of Ballarat,Alexander Park,North,143.712307947558,-37.4227350156269
Alfredton,Plastipole Bin Stand,00212275,OS-District,,City of Ballarat,Alfredton Recreation Reserve,North,143.800423005099,-37.5547160114391
Alfredton,Plastipole Bin Stand,00212278,OS-District,Alfredton Recreation Reserve,City of Ballarat,Alfredton Recreation Reserve,North,143.798577767271,-37.5555863572199
Alfredton,Plastipole Bin Stand,00212280,OS-District,,City of Ballarat,Alfredton Recreation Reserve,North,143.800005395679,-37.5562765907445
Alfredton,Plastipole Bin Stand,00227655,OS-District,,City of Ballarat,Alfredton Recreation Reserve,North,143.799932721593,-37.5570199036997
Alfredton,Plastipole Bin Stand,00227656,OS-District,,City of Ballarat,Alfredton Recreation Reserve,North,143.799932721593,-37.5570199036997
Alfredton,Plastipole Bin Stand,00227692,OS-District,,City of Ballarat,Alfredton Recreation Reserve,North,143.800304343992,-37.5554008549212
Alfredton,Rubbish Bin Receptacle,00227702,OS-District,,City of Ballarat,Alfredton Recreation Reserve,North,143.800069681028,-37.5543541441373
Alfredton,Plastipole Bin Stand,00227729,OS-District,,City of Ballarat,Alfredton Recreation Reserve,North,143.798902240154,-37.5550655851834
Alfredton,Rubbish/Recycle Bin Receptacle,00234024,OS-District,,City of Ballarat,Alfredton Recreation Reserve,North,143.800804161601,-37.5539594280499
Alfredton,Rubbish/Recycle Bin Receptacle,00227746,No Code Allocated,,City of Ballarat,The Chase Central Park,South,143.788032016948,-37.5557092615122
Lake Wendouree,Rubbish/Recycle Bin Receptacle,00212303,OS-Regional,Ballarat Botanical Gardens,City of Ballarat,Ballarat Botanical Gardens,Central,143.822151957776,-37.5479650454165
Lake Wendouree,Rubbish/Recycle Bin Receptacle,00212304,OS-Regional,Ballarat Botanical Gardens,City of Ballarat,Ballarat Botanical Gardens,Central,143.821435394024,-37.5465500130758
Lake Wendouree,Rubbish/Recycle Bin Receptacle,00212305,OS-Regional,Ballarat Botanical Gardens,City of Ballarat,Ballarat Botanical Gardens,Central,143.821431613242,-37.5465547890823
Lake Wendouree,Rubbish/Recycle Bin Receptacle,00212306,OS-Regional,Ballarat Botanical Gardens,City of Ballarat,Ballarat Botanical Gardens,Central,143.821872985482,-37.5473260070714
Lake Wendouree,Rubbish/Recycle Bin Receptacle,00212307,OS-Regional,Ballarat Botanical Gardens,City of Ballarat,Ballarat Botanical Gardens,Central,143.821868985895,-37.5473189842308
Lake Wendouree,Rubbish/Recycle Bin Receptacle,00212308,OS-Regional,Ballarat Botanical Gardens,City of Ballarat,Ballarat Botanical Gardens,Central,143.822607978246,-37.546355988694
Lake Wendouree,Rubbish/Recycle Bin Receptacle,00212309,OS-Regional,Ballarat Botanical Gardens,City of Ballarat,Ballarat Botanical Gardens,Central,143.822610015373,-37.5463499928587
Lake Wendouree,Cigarette Bin,00212310,OS-Regional,Ballarat Botanical Gardens,City of Ballarat,Ballarat Botanical Gardens,Central,143.821428000865,-37.5465580292323
Lake Wendouree,Rubbish/Recycle Bin Receptacle,00212311,OS-Regional,Ballarat Botanical Gardens,City of Ballarat,Ballarat Botanical Gardens,Central,143.820784955579,-37.5480250383916
Lake Wendouree,Rubbish/Recycle Bin Receptacle,00212407,OS-Regional,Ballarat Botanical Gardens,City of Ballarat,Ballarat Botanical Gardens,Central,143.821457044732,-37.5498810431278
Lake Wendouree,Rubbish/Recycle Bin Receptacle,00212408,OS-Regional,Ballarat Botanical Gardens,City of Ballarat,Ballarat Botanical Gardens,Central,143.82145696621,-37.5498699617749
Lake Wendouree,Rubbish/Recycle Bin Receptacle,00212409,OS-Regional,Ballarat Botanical Gardens,City of Ballarat,Ballarat Botanical Gardens,Central,143.82216297309,-37.5479660434389
Black Hill,Plastipole Bin Stand,00212414,OS-Neighbourhood,Binney  Reserve (Binney Street Res.),City of Ballarat,Binney Reserve,Central,143.871821999892,-37.5491009673231
Black Hill,Plastipole Bin Stand,00212415,OS-Neighbourhood,Binney  Reserve (Binney Street Res.),City of Ballarat,Binney Reserve,Central,143.870824039323,-37.5499439634353
Black Hill,Rubbish/Recycle Bin Receptacle,00212421,OS-District,BLACK HILL RESERVE (BLACK HILL LOOKOUT),City of Ballarat,Black Hill Reserve (Black Hill Lookout),Central,143.873276026226,-37.5519933958159
Brown Hill,Plastipole Bin Stand,00212435,OS-District,Brown Hill Reserve  (Progress Park),City of Ballarat,Brown Hill Reserve,Central,143.896351960519,-37.5527029591216
Brown Hill,Plastipole Bin Stand,00212436,OS-District,Brown Hill Reserve  (Progress Park),City of Ballarat,Brown Hill Reserve,Central,143.895902967135,-37.552077021886
Buninyong,Plastipole Bin Stand,00212449,OS-Regional,Buninyong Botanic Gardens,City of Ballarat,Buninyong Botanic Gardens,South,143.887586963498,-37.6526010392286
Buninyong,Plastipole Bin Stand,00212450,OS-Regional,Buninyong Botanic Gardens,City of Ballarat,Buninyong Botanic Gardens,South,143.887451172373,-37.6525712071817
Buninyong,Plastipole Bin Stand,00212471,OS-District,Buninyong Recreation Park,City of Ballarat,Buninyong Recreation Park,South,143.887837047905,-37.6491380313427
Buninyong,Plastipole Bin Stand,00212472,OS-District,Buninyong Recreation Park,City of Ballarat,Buninyong Recreation Park,South,143.888087985399,-37.6497150431873
Canadian,Rubbish/Recycle Bin Receptacle,00212500,OS-Neighbourhood,Canadian Gully Reserve (Canadian Creek),City of Ballarat,Canadian Gully Reserve,South,143.867636986329,-37.5881239602783
Cardigan Village,Plastipole Bin Stand,00212526,OS-Neighbourhood,Cardigan Village Reserve,City of Ballarat,Cardigan Village Reserve,North,143.708987992006,-37.5144400354724
Wendouree,Plastipole Bin Stand,00212556,OS-District,C.E Brown Reserve,City of Ballarat,Charles Edward Brown Reserve,North,143.842936961578,-37.5364929636461
Wendouree,Plastipole Bin Stand,00212557,OS-District,C.E Brown Reserve,City of Ballarat,Charles Edward Brown Reserve,North,143.844217956613,-37.537061035823
Wendouree,Plastipole Bin Stand,00212558,OS-District,C.E Brown Reserve,City of Ballarat,Charles Edward Brown Reserve,North,143.843994969266,-37.5372049956067
Wendouree,Plastipole Bin Stand,00212559,OS-District,C.E Brown Reserve,City of Ballarat,Charles Edward Brown Reserve,North,143.842153952076,-37.5375359861493
Wendouree,Plastipole Bin Stand,00212561,OS-District,C.E Brown Reserve,City of Ballarat,Charles Edward Brown Reserve,North,143.84198202296,-37.537073011078
Wendouree,Plastipole Bin Stand,00212578,OS-District,NORTHERN OVAL,City of Ballarat,Charles Edward Brown Reserve,North,143.845656334275,-37.5375061764587
Wendouree,Plastipole Bin Stand,00212582,OS-District,NORTHERN OVAL,City of Ballarat,Charles Edward Brown Reserve,North,143.845775471138,-37.5377913759597
Wendouree,Plastipole Bin Stand,00212591,OS-District,NORTHERN OVAL,City of Ballarat,Charles Edward Brown Reserve,North,143.847099836228,-37.5378446688641
Lake Wendouree,Plastipole Bin Stand,00212601,OS-Regional,City Oval,City of Ballarat,City Oval,Central,143.837664995216,-37.5574660042103
Lake Wendouree,Plastipole Bin Stand,00212602,OS-Regional,City Oval,City of Ballarat,City Oval,Central,143.837406983528,-37.5587170403135
Lake Wendouree,Plastipole Bin Stand,00212603,OS-Regional,City Oval,City of Ballarat,City Oval,Central,143.838906054173,-37.5583060400293
Lake Wendouree,Plastipole Bin Stand,00212604,OS-Regional,City Oval,City of Ballarat,City Oval,Central,143.836744052383,-37.5580579902524
Lake Wendouree,Plastipole Bin Stand,00212605,OS-Regional,City Oval,City of Ballarat,City Oval,Central,143.837928977136,-37.5587729658012
Ballarat Central,Rubbish/Recycle Bin Receptacle,00212608,OS-Local,Civic Park (Police & Law Cts),City of Ballarat,Civic Park (Police & Law Courts),Central,143.860555043368,-37.5640209885706
Ballarat Central,Rubbish/Recycle Bin Receptacle,00225093,OS-Local,Civic Park (Police & Law Courts),City of Ballarat,Civic Park (Police & Law Courts),Central,143.860558957066,-37.5639871937918
Alfredton,Rubbish/Recycle Bin Receptacle,00227558,OS-Neighbourhood,,City of Ballarat,Cuthberts Road Reserve,North,143.791089469753,-37.5505633402814
Buninyong,Rubbish/Recycle Bin Receptacle,00212632,OS-District,De Soza Park (Tannery Flat),City of Ballarat,De Soza Park,South,143.884065018238,-37.6489319571704
Buninyong,Rubbish/Recycle Bin Receptacle,00212633,OS-District,De Soza Park (Tannery Flat),City of Ballarat,De Soza Park,South,143.883982036377,-37.6491010425075
Buninyong,Rubbish/Recycle Bin Receptacle,00225761,No Code Allocated,Next to concrete wheel feature,City of Ballarat,De Soza Park,South,143.884058926954,-37.6488770519545
Buninyong,Rubbish/Recycle Bin Receptacle,00225762,No Code Allocated,Right side of rotunda in park,City of Ballarat,De Soza Park,South,143.884001899829,-37.6491047914458
Eureka,Rubbish/Recycle Bin Receptacle,00212676,OS-Regional,,City of Ballarat,Eureka Stockade,Central,143.885545054416,-37.5649270317473
Eureka,Rubbish/Recycle Bin Receptacle,00212680,OS-Regional,,City of Ballarat,Eureka Stockade,Central,143.885977072157,-37.5648289700461
Eureka,Rubbish/Recycle Bin Receptacle,00212682,OS-Regional,,City of Ballarat,Eureka Stockade,Central,143.883200060637,-37.5651199807457
Eureka,Rubbish/Recycle Bin Receptacle,00212694,OS-Regional,,City of Ballarat,Eureka Stockade,Central,143.883239999517,-37.5647820075844
Eureka,Rubbish/Recycle Bin Receptacle,00212713,OS-Regional,,City of Ballarat,Eureka Stockade,Central,143.884732737344,-37.5652637127069
Eureka,Rubbish/Recycle Bin Receptacle,00212724,OS-Regional,,City of Ballarat,Eureka Stockade,Central,143.884944010395,-37.5650010226054
Mount Clear,Plastipole Bin Stand,00227925,OS-Local,,City of Ballarat,Glenvale Road Reserve,South,143.866323776026,-37.5968013002655
Ballarat North,Plastipole Bin Stand,00212736,OS-Neighbourhood,Inkerman Gully,City of Ballarat,Inkerman Gully Reserve,North,143.873898018914,-37.542288008488
Ballarat North,Plastipole Bin Stand,00212737,OS-Neighbourhood,Inkerman Gully,City of Ballarat,Inkerman Gully Reserve,North,143.873620986288,-37.5420520088765
Ballarat North,Plastipole Bin Stand,00212738,OS-Neighbourhood,Inkerman Gully,City of Ballarat,Inkerman Gully Reserve,North,143.873174050167,-37.5420739764312
Invermay,Rubbish/Recycle Bin Receptacle,00234172,OS-District,,City of Ballarat,Invermay Recreation Reserve,North,143.873155095947,-37.5223419665464
Invermay,Rubbish/Recycle Bin Receptacle,00234174,OS-District,,City of Ballarat,Invermay Recreation Reserve,North,143.873214414457,-37.5224136890546
Invermay,Rubbish/Recycle Bin Receptacle,00234175,OS-District,,City of Ballarat,Invermay Recreation Reserve,North,143.873281481581,-37.5224986487847
Burrumbeet,Plastipole Bin Stand,00227407,OS-District,Lake Burrumbeet Reserve,City of Ballarat,Lake Burrumbeet Reserve,North,143.67006041782,-37.4919641581696
Burrumbeet,Plastipole Bin Stand,00227438,OS-District,Lake Burrumbeet Reserve,City of Ballarat,Lake Burrumbeet Reserve,North,143.669786047185,-37.4905128141657
Burrumbeet,Plastipole Bin Stand,00227482,OS-District,Lake Burrumbeet Reserve,City of Ballarat,Lake Burrumbeet Reserve,North,143.668631110399,-37.4897864075344
Burrumbeet,Plastipole Bin Stand,00227491,OS-District,Lake Burrumbeet Reserve,City of Ballarat,Lake Burrumbeet Reserve,North,143.67084237563,-37.4904897322142
Canadian,Plastipole Bin Stand,00212753,OS-Neighbourhood,Lake Esmond Botanical Park,City of Ballarat,Lake Esmond Botanical Park,South,143.872547971566,-37.5741740513026
Canadian,Plastipole Bin Stand,00212768,OS-Neighbourhood,Lake Esmond Botanical Park,City of Ballarat,Lake Esmond Botanical Park,South,143.874622073698,-37.5754859274097
Lake Wendouree,Plastipole Bin Stand,00212824,OS-State,Lake Wendouree,City of Ballarat,Lake Wendouree Reserve,Central,143.824002980769,-37.555943024986
Lake Wendouree,Plastipole Bin Stand,00212825,OS-State,Lake Wendouree,City of Ballarat,Lake Wendouree Reserve,Central,143.823037964364,-37.5555619888138
Lake Wendouree,Rubbish/Recycle Bin Receptacle,00212826,OS-State,Lake Wendouree,City of Ballarat,Lake Wendouree Reserve,Central,143.822994975109,-37.5500399682361
Lake Wendouree,Rubbish/Recycle Bin Receptacle,00212827,OS-State,Lake Wendouree,City of Ballarat,Lake Wendouree Reserve,Central,143.822989995916,-37.5500309865138
Lake Wendouree,Rubbish/Recycle Bin Receptacle,00212828,OS-State,Lake Wendouree,City of Ballarat,Lake Wendouree Reserve,Central,143.822498005511,-37.5485100279978
Lake Wendouree,Rubbish/Recycle Bin Receptacle,00212829,OS-State,Lake Wendouree,City of Ballarat,Lake Wendouree Reserve,Central,143.822500985587,-37.5485020272406
Lake Wendouree,Rubbish/Recycle Bin Receptacle,00212830,OS-State,Lake Wendouree,City of Ballarat,Lake Wendouree Reserve,Central,143.822442075292,-37.5496850169133
Lake Wendouree,Rubbish/Recycle Bin Receptacle,00212831,OS-State,Lake Wendouree,City of Ballarat,Lake Wendouree Reserve,Central,143.822436001883,-37.5496800260742
Lake Wendouree,Rubbish/Recycle Bin Receptacle,00212832,OS-State,Lake Wendouree,City of Ballarat,Lake Wendouree Reserve,Central,143.822216973174,-37.5499729790001
Lake Wendouree,Rubbish/Recycle Bin Receptacle,00212833,OS-State,Lake Wendouree,City of Ballarat,Lake Wendouree Reserve,Central,143.82221599339,-37.5499830043754
Lake Wendouree,Rubbish/Recycle Bin Receptacle,00212834,OS-State,Lake Wendouree,City of Ballarat,Lake Wendouree Reserve,Central,143.822914027153,-37.5503840433832
Lake Wendouree,Rubbish/Recycle Bin Receptacle,00212835,OS-State,Lake Wendouree,City of Ballarat,Lake Wendouree Reserve,Central,143.82291104706,-37.5503920441498
Lake Wendouree,Rubbish/Recycle Bin Receptacle,00212836,OS-State,Lake Wendouree,City of Ballarat,Lake Wendouree Reserve,Central,143.822951947112,-37.5507560010329
Lake Wendouree,Rubbish/Recycle Bin Receptacle,00212837,OS-State,Lake Wendouree,City of Ballarat,Lake Wendouree Reserve,Central,143.822951948642,-37.5507620382006
Lake Wendouree,Rubbish/Recycle Bin Receptacle,00212838,OS-State,Lake Wendouree,City of Ballarat,Lake Wendouree Reserve,Central,143.822200040582,-37.550603956656
Lake Wendouree,Rubbish/Recycle Bin Receptacle,00212839,OS-State,Lake Wendouree,City of Ballarat,Lake Wendouree Reserve,Central,143.822198041158,-37.5505989584612
Lake Wendouree,Rubbish/Recycle Bin Receptacle,00212840,OS-State,Lake Wendouree,City of Ballarat,Lake Wendouree Reserve,Central,143.822308961476,-37.5511000062616
Lake Wendouree,Rubbish/Recycle Bin Receptacle,00212841,OS-State,Lake Wendouree,City of Ballarat,Lake Wendouree Reserve,Central,143.822310055369,-37.5511079996645
Lake Wendouree,Rubbish/Recycle Bin Receptacle,00212842,OS-State,Lake Wendouree,City of Ballarat,Lake Wendouree Reserve,Central,143.823096034471,-37.5514099778185
Lake Wendouree,Rubbish/Recycle Bin Receptacle,00212843,OS-State,Lake Wendouree,City of Ballarat,Lake Wendouree Reserve,Central,143.82310305345,-37.5514160272834
Lake Wendouree,Rubbish/Recycle Bin Receptacle,00212844,OS-State,Lake Wendouree,City of Ballarat,Lake Wendouree Reserve,Central,143.822474959766,-37.5515189999247
Lake Wendouree,Rubbish/Recycle Bin Receptacle,00212845,OS-State,Lake Wendouree,City of Ballarat,Lake Wendouree Reserve,Central,143.822475977034,-37.5515309598895
Lake Wendouree,Rubbish/Recycle Bin Receptacle,00212846,OS-State,Lake Wendouree,City of Ballarat,Lake Wendouree Reserve,Central,143.82267997286,-37.5522129690925
Lake Wendouree,Rubbish/Recycle Bin Receptacle,00212847,OS-State,Lake Wendouree,City of Ballarat,Lake Wendouree Reserve,Central,143.822679031448,-37.5522210111848
Lake Wendouree,Rubbish/Recycle Bin Receptacle,00212848,OS-State,Lake Wendouree,City of Ballarat,Lake Wendouree Reserve,Central,143.823542682132,-37.5477780480074
Lake Wendouree,Rubbish/Recycle Bin Receptacle,00212849,OS-State,Lake Wendouree,City of Ballarat,Lake Wendouree Reserve,Central,143.82355258281,-37.5477824966617
Lake Wendouree,Rubbish/Recycle Bin Receptacle,00212850,OS-State,Lake Wendouree,City of Ballarat,Lake Wendouree Reserve,Central,143.822992949149,-37.546667020641
Lake Wendouree,Rubbish/Recycle Bin Receptacle,00212851,OS-State,Lake Wendouree,City of Ballarat,Lake Wendouree Reserve,Central,143.82299502457,-37.5466590415168
Lake Wendouree,Rubbish/Recycle Bin Receptacle,00212852,OS-State,Lake Wendouree,City of Ballarat,Lake Wendouree Reserve,Central,143.824162994347,-37.5450570012451
Lake Wendouree,Rubbish/Recycle Bin Receptacle,00212853,OS-State,Lake Wendouree,City of Ballarat,Lake Wendouree Reserve,Central,143.824152961245,-37.5450610259164
Lake Wendouree,Rubbish/Recycle Bin Receptacle,00212854,OS-State,Lake Wendouree,City of Ballarat,Lake Wendouree Reserve,Central,143.823428968668,-37.5456890122915
Lake Wendouree,Rubbish/Recycle Bin Receptacle,00212855,OS-State,Lake Wendouree,City of Ballarat,Lake Wendouree Reserve,Central,143.823424025884,-37.5456959787483
Lake Wendouree,Plastipole Bin Stand,00212856,OS-State,Lake Wendouree,City of Ballarat,Lake Wendouree Reserve,Central,143.830638952384,-37.5438150279516
Lake Wendouree,Plastipole Bin Stand,00212857,OS-State,Lake Wendouree,City of Ballarat,Lake Wendouree Reserve,Central,143.831002963043,-37.5437870114713
Lake Wendouree,Plastipole Bin Stand,00212858,OS-State,Lake Wendouree,City of Ballarat,Lake Wendouree Reserve,Central,143.83417799904,-37.5442519720293
Lake Wendouree,Plastipole Bin Stand,00212859,OS-State,Lake Wendouree,City of Ballarat,Lake Wendouree Reserve,Central,143.835430973532,-37.5444759704097
Lake Wendouree,Plastipole Bin Stand,00212860,OS-State,Lake Wendouree,City of Ballarat,Lake Wendouree Reserve,Central,143.835021954287,-37.5446899823862
Lake Wendouree,Plastipole Bin Stand,00212861,OS-State,Lake Wendouree,City of Ballarat,Lake Wendouree Reserve,Central,143.834649949659,-37.5447519936558
Lake Wendouree,Plastipole Bin Stand,00212862,OS-State,Lake Wendouree,City of Ballarat,Lake Wendouree Reserve,Central,143.83436398261,-37.5445639614605
Lake Wendouree,Plastipole Bin Stand,00212863,OS-State,Lake Wendouree,City of Ballarat,Lake Wendouree Reserve,Central,143.834492050658,-37.543908958033
Lake Wendouree,Plastipole Bin Stand,00212864,OS-State,Lake Wendouree,City of Ballarat,Lake Wendouree Reserve,Central,143.844881037635,-37.5487970087297
Lake Wendouree,Plastipole Bin Stand,00212865,OS-State,Lake Wendouree,City of Ballarat,Lake Wendouree Reserve,Central,143.84508799553,-37.5503609629388
Lake Wendouree,Plastipole Bin Stand,00212866,OS-State,Lake Wendouree,City of Ballarat,Lake Wendouree Reserve,Central,143.844940002071,-37.5514330214893
Lake Wendouree,Plastipole Bin Stand,00212867,OS-State,Lake Wendouree,City of Ballarat,Lake Wendouree Reserve,Central,143.844488044223,-37.5523810327419
Lake Wendouree,Plastipole Bin Stand,00212868,OS-State,Lake Wendouree,City of Ballarat,Lake Wendouree Reserve,Central,143.838765032408,-37.5559750279723
Lake Wendouree,Plastipole Bin Stand,00212869,OS-State,Lake Wendouree,City of Ballarat,Lake Wendouree Reserve,Central,143.841441012233,-37.5557869798405
Lake Wendouree,Plastipole Bin Stand,00212870,OS-State,Lake Wendouree,City of Ballarat,Lake Wendouree Reserve,Central,143.842137025095,-37.5554220404011
Lake Wendouree,Plastipole Bin Stand,00212871,OS-State,Lake Wendouree,City of Ballarat,Lake Wendouree Reserve,Central,143.842088011454,-37.5552789597305
Lake Wendouree,Plastipole Bin Stand,00212872,OS-State,Lake Wendouree,City of Ballarat,Lake Wendouree Reserve,Central,143.842409947816,-37.5549050084621
Lake Wendouree,Rubbish/Recycle Bin Receptacle,00212873,OS-State,Lake Wendouree,City of Ballarat,Lake Wendouree Reserve,Central,143.843012003924,-37.5535099708212
Lake Wendouree,Rubbish/Recycle Bin Receptacle,00212874,OS-State,Lake Wendouree,City of Ballarat,Lake Wendouree Reserve,Central,143.843005969566,-37.5535149820201
Lake Wendouree,Rubbish/Recycle Bin Receptacle,00212875,OS-State,Lake Wendouree,City of Ballarat,Lake Wendouree Reserve,Central,143.842532020527,-37.5542069811873
Lake Wendouree,Rubbish/Recycle Bin Receptacle,00212876,OS-State,Lake Wendouree,City of Ballarat,Lake Wendouree Reserve,Central,143.84253201769,-37.5541949970123
Lake Wendouree,Plastipole Bin Stand,00212877,OS-State,Lake Wendouree,City of Ballarat,Lake Wendouree Reserve,Central,143.832022012442,-37.5559930075709
Lake Wendouree,Plastipole Bin Stand,00212878,OS-State,Lake Wendouree,City of Ballarat,Lake Wendouree Reserve,Central,143.831682030756,-37.555622988124
Lake Wendouree,Plastipole Bin Stand,00212879,OS-State,Lake Wendouree,City of Ballarat,Lake Wendouree Reserve,Central,143.830377043844,-37.5557429691957
Lake Wendouree,Plastipole Bin Stand,00212880,OS-State,Lake Wendouree,City of Ballarat,Lake Wendouree Reserve,Central,143.829599031689,-37.5558239863887
Lake Wendouree,Plastipole Bin Stand,00212881,OS-State,Lake Wendouree,City of Ballarat,Lake Wendouree Reserve,Central,143.825061943488,-37.5562609809309
Lake Wendouree,Rubbish/Recycle Bin Receptacle,00237619,OS-Local,Durham point,City of Ballarat,Lake Wendouree Reserve,Central,143.835140059503,-37.5444560191034
Lake Wendouree,Rubbish/Recycle Bin Receptacle,00250561,OS-State,Lake Wendouree Foreshore Sails Cafe,City of Ballarat,Lake Wendouree Reserve,Central,143.838801966896,-37.5558150100047
Learmonth,Plastipole Bin Stand,00213092,OS-District,Learmonth Recreation Reserve,City of Ballarat,Learmonth Recreation Reserve,North,143.71260898631,-37.4218599716906
Learmonth,Plastipole Bin Stand,00213093,OS-District,Learmonth Recreation Reserve,City of Ballarat,Learmonth Recreation Reserve,North,143.711769618687,-37.4223324125342
Learmonth,Plastipole Bin Stand,00213094,OS-District,Learmonth Recreation Reserve,City of Ballarat,Learmonth Recreation Reserve,North,143.711439013435,-37.4222819697995
Learmonth,Plastipole Bin Stand,00213095,OS-District,Learmonth Recreation Reserve,City of Ballarat,Learmonth Recreation Reserve,North,143.710812987969,-37.4215810342184
Learmonth,Plastipole Bin Stand,00213096,OS-District,Learmonth Recreation Reserve,City of Ballarat,Learmonth Recreation Reserve,North,143.711142223223,-37.4209673000982
Learmonth,Plastipole Bin Stand,00213097,OS-District,Learmonth Recreation Reserve,City of Ballarat,Learmonth Recreation Reserve,North,143.71200402055,-37.4209100321001
Learmonth,Plastipole Bin Stand,00213098,OS-District,Learmonth Recreation Reserve,City of Ballarat,Learmonth Recreation Reserve,North,143.711015014642,-37.4221669871802
Learmonth,Plastipole Bin Stand,00213099,OS-District,Learmonth Recreation Reserve,City of Ballarat,Learmonth Recreation Reserve,North,143.712591024662,-37.42159401535
Learmonth,Plastipole Bin Stand,00213100,OS-District,Learmonth Recreation Reserve,City of Ballarat,Learmonth Recreation Reserve,North,143.712578841613,-37.4214630931531
Learmonth,Plastipole Bin Stand,00213101,OS-District,Learmonth Recreation Reserve,City of Ballarat,Learmonth Recreation Reserve,North,143.712536956695,-37.4210539587022
Ballarat East,Plastipole Bin Stand,00213107,OS-District,"Len T Frazer Reserve, Concrete culvert.",City of Ballarat,Len T Frazer Reserve,Central,143.867962708499,-37.566524585168
Golden Point,Plastipole Bin Stand,00213140,OS-Regional,Llanberris Athletics Reserve,City of Ballarat,Llanberris Athletics Reserve,Central,143.865765989446,-37.5695540092948
Golden Point,Plastipole Bin Stand,00213141,OS-Regional,Llanberris Athletics Reserve,City of Ballarat,Llanberris Athletics Reserve,Central,143.865852999969,-37.5699130419808
Golden Point,Plastipole Bin Stand,00213142,OS-Regional,Llanberris Athletics Reserve,City of Ballarat,Llanberris Athletics Reserve,Central,143.86603498781,-37.5699650269632
Golden Point,Plastipole Bin Stand,00213143,OS-Regional,Llanberris Athletics Reserve,City of Ballarat,Llanberris Athletics Reserve,Central,143.86604498882,-37.5699660454566
Golden Point,Plastipole Bin Stand,00213144,OS-Regional,Llanberris Athletics Reserve,City of Ballarat,Llanberris Athletics Reserve,Central,143.866426718487,-37.5700340811701
Golden Point,Plastipole Bin Stand,00213145,OS-Regional,Llanberris Athletics Reserve,City of Ballarat,Llanberris Athletics Reserve,Central,143.865930973356,-37.5696290242791
Golden Point,Plastipole Bin Stand,00213146,OS-Regional,Llanberris Athletics Reserve,City of Ballarat,Llanberris Athletics Reserve,Central,143.867290959062,-37.5689670311303
Golden Point,Plastipole Bin Stand,00213147,OS-Regional,Llanberris Athletics Reserve,City of Ballarat,Llanberris Athletics Reserve,Central,143.866210043841,-37.5683249811219
Miners Rest,Rubbish/Recycle Bin Receptacle,00213176,OS-Neighbourhood,MACARTHUR PARK WETLANDS,City of Ballarat,Macarthur Park Wetlands,North,143.81031440762,-37.5006959431481
Sebastopol,Plastipole Bin Stand,00213185,OS-District,,City of Ballarat,Marty Busch Reserve,South,143.843503998905,-37.6051679564974
Sebastopol,Plastipole Bin Stand,00213188,OS-District,,City of Ballarat,Marty Busch Reserve,South,143.84357495863,-37.6045719930977
Sebastopol,Cigarette Bin,00213189,OS-District,,City of Ballarat,Marty Busch Reserve,South,143.843300932102,-37.6045080472841
Sebastopol,Cigarette Bin,00213191,OS-District,,City of Ballarat,Marty Busch Reserve,South,143.842252001567,-37.6042269719648
Sebastopol,Plastipole Bin Stand,00213192,OS-District,,City of Ballarat,Marty Busch Reserve,South,143.842222064128,-37.6042230079964
Sebastopol,Plastipole Bin Stand,00213200,OS-District,,City of Ballarat,Marty Busch Reserve,South,143.844883988866,-37.603855971053
Sebastopol,Plastipole Bin Stand,00213202,OS-District,,City of Ballarat,Marty Busch Reserve,South,143.844908949595,-37.6036699297498
Sebastopol,Plastipole Bin Stand,00213203,OS-District,,City of Ballarat,Marty Busch Reserve,South,143.845105048199,-37.6032909864883
Sebastopol,Plastipole Bin Stand,00213205,OS-District,,City of Ballarat,Marty Busch Reserve,South,143.84578190422,-37.6029029650277
Sebastopol,Plastipole Bin Stand,00213207,OS-District,,City of Ballarat,Marty Busch Reserve,South,143.846689948113,-37.6034099730449
Sebastopol,Plastipole Bin Stand,00213210,OS-District,,City of Ballarat,Marty Busch Reserve,South,143.846474072105,-37.6037690321565
Sebastopol,Plastipole Bin Stand,00213211,OS-District,,City of Ballarat,Marty Busch Reserve,South,143.845913082731,-37.6043889886736
Sebastopol,Plastipole Bin Stand,00213215,OS-District,,City of Ballarat,Marty Busch Reserve,South,143.843587087166,-37.6028509367873
Sebastopol,Plastipole Bin Stand,00213217,OS-District,,City of Ballarat,Marty Busch Reserve,South,143.844066977461,-37.6034670456992
Sebastopol,Plastipole Bin Stand,00213219,OS-District,,City of Ballarat,Marty Busch Reserve,South,143.843809937709,-37.6040480340377
Sebastopol,Plastipole Bin Stand,00213223,OS-District,,City of Ballarat,Marty Busch Reserve,South,143.842718970305,-37.603121011717
Sebastopol,Plastipole Bin Stand,00213224,OS-District,,City of Ballarat,Marty Busch Reserve,South,143.842583060079,-37.6034569612469
Sebastopol,Plastipole Bin Stand,00213226,OS-District,,City of Ballarat,Marty Busch Reserve,South,143.842806940515,-37.6041729570685
Ballarat East,Plastipole Bin Stand,00213245,OS-Neighbourhood,McKenzie Reserve,City of Ballarat,McKenzie Reserve,Central,143.872228957961,-37.5630490032128
Wendouree,Plastipole Bin Stand,00213259,OS-Neighbourhood,MONTGOMERY STREET RESERVE,City of Ballarat,Montgomery Street Reserve,North,143.830820543587,-37.5257121185138
Redan,Plastipole Bin Stand,00213264,OS-District,Morshead Park,City of Ballarat,Morshead Park,South,143.833601000417,-37.5808460104275
Redan,Plastipole Bin Stand,00213265,OS-District,Morshead Park,City of Ballarat,Morshead Park,South,143.833892039366,-37.5792089830429
Buninyong,Plastipole Bin Stand,00227967,OS-Regional,,City of Ballarat,Mount Buninyong,South,143.926411269837,-37.6536614722098
Mount Helen,Plastipole Bin Stand,00213810,R-Primary Access Road,Mt Helen Tennis Cts,City of Ballarat,Mount Helen Tennis Courts,South,143.881878901163,-37.632841890312
Mount Pleasant,Plastipole Bin Stand,00213282,OS-Neighbourhood,Mt Pleasant Reserve,City of Ballarat,Mount Pleasant Reserve,Central,143.851780042833,-37.5777860398479
Lake Wendouree,Plastipole Bin Stand,00213318,No Code Allocated,Ballarat Botanical Gardens (North),City of Ballarat,North Gardens Reserve,Central,143.822680053758,-37.5454379603222
Lake Wendouree,Plastipole Bin Stand,00213319,No Code Allocated,Ballarat Botanical Gardens (North),City of Ballarat,North Gardens Reserve,Central,143.822184945561,-37.5451680375902
Lake Wendouree,Plastipole Bin Stand,00213320,No Code Allocated,Ballarat Botanical Gardens (North),City of Ballarat,North Gardens Reserve,Central,143.823847019017,-37.5446279928399
Lake Wendouree,Plastipole Bin Stand,00213321,No Code Allocated,Ballarat Botanical Gardens (North),City of Ballarat,North Gardens Reserve,Central,143.823108776313,-37.5451752214792
Lake Wendouree,Plastipole Bin Stand,00213322,No Code Allocated,Ballarat Botanical Gardens (North),City of Ballarat,North Gardens Reserve,Central,143.823185985998,-37.5451849979193
Lake Wendouree,Plastipole Bin Stand,00213323,No Code Allocated,Ballarat Botanical Gardens (North),City of Ballarat,North Gardens Reserve,Central,143.823207237522,-37.545058428899
Lake Wendouree,Plastipole Bin Stand,00213324,No Code Allocated,Ballarat Botanical Gardens (North),City of Ballarat,North Gardens Reserve,Central,143.823126042563,-37.5450510005173
Lake Wendouree,Plastipole Bin Stand,00212312,OS-Regional,Ballarat Botanical Gardens (North),City of Ballarat,North Gardens Reserve,Central,143.822885954284,-37.5459130373696
Lake Wendouree,Plastipole Bin Stand,00212313,OS-Regional,Ballarat Botanical Gardens (North),City of Ballarat,North Gardens Reserve,Central,143.822360998994,-37.5455720138042
Wendouree,Plastipole Bin Stand,00213337,OS-Regional,NORTHERN OVAL,City of Ballarat,Northern Oval Reserve,North,143.848970033832,-37.5396296035707
Wendouree,Plastipole Bin Stand,00213338,OS-Regional,NORTHERN OVAL,City of Ballarat,Northern Oval Reserve,North,143.848706360656,-37.5398313220767
Wendouree,Plastipole Bin Stand,00213339,OS-Regional,NORTHERN OVAL,City of Ballarat,Northern Oval Reserve,North,143.848264839616,-37.5400073276515
Wendouree,Plastipole Bin Stand,00213342,OS-Regional,NORTHERN OVAL,City of Ballarat,Northern Oval Reserve,North,143.847626838423,-37.53998326011
Wendouree,Plastipole Bin Stand,00213343,OS-Regional,NORTHERN OVAL,City of Ballarat,Northern Oval Reserve,North,143.847532095772,-37.5387962221682
Golden Point,Plastipole Bin Stand,00213351,OS-Neighbourhood,,City of Ballarat,Pearces Park,Central,143.858482950715,-37.5740263745253
Ballarat Central,Rubbish/Recycle Bin Receptacle,00225546,OS-Other,Phoenix Foundry Mall,City of Ballarat,Phoenix Foundry Mall,Central,143.855924811175,-37.5633399681774
Ballarat Central,Rubbish/Recycle Bin Receptacle,00225547,OS-Other,Phoenix Foundry Mall,City of Ballarat,Phoenix Foundry Mall,Central,143.856004569839,-37.5631877392023
Ballarat Central,Rubbish/Recycle Bin Receptacle,00225549,OS-Other,Phoenix Foundry Mall,City of Ballarat,Phoenix Foundry Mall,Central,143.856013787558,-37.5630586634299
Ballarat Central,Rubbish/Recycle Bin Receptacle,00225551,OS-Other,Phoenix Foundry Mall,City of Ballarat,Phoenix Foundry Mall,Central,143.856099817257,-37.5629076341686
Ballarat Central,Rubbish/Recycle Bin Receptacle,00225571,OS-Other,Phoenix Foundry Mall,City of Ballarat,Phoenix Foundry Mall,Central,143.856067225303,-37.5628219208047
Ballarat Central,Rubbish/Recycle Bin Receptacle,00225580,OS-Other,Phoenix Foundry Mall,City of Ballarat,Phoenix Foundry Mall,Central,143.855980707759,-37.5630135098782
Ballarat Central,Rubbish/Recycle Bin Receptacle,00225605,OS-Other,Phoenix Foundry Mall,City of Ballarat,Phoenix Foundry Mall,Central,143.856189683358,-37.5630377350238
Wendouree,Rubbish Bin Receptacle,00262666,R-Walkway,,City of Ballarat,Pioneer Park,North,143.823719929091,-37.5201400252628
Redan,Plastipole Bin Stand,00213420,OS-Neighbourhood,Pleasant Street Reserve,City of Ballarat,Pleasant Street Reserve,South,143.83557598559,-37.5721070078386
Redan,Plastipole Bin Stand,00213421,OS-Neighbourhood,Pleasant Street Reserve,City of Ballarat,Pleasant Street Reserve,South,143.835211967034,-37.5712790239562
Lake Gardens,Plastipole Bin Stand,00213430,OS-District,,City of Ballarat,Prince of Wales Park,Central,143.816799012002,-37.5496559724642
Lake Gardens,Plastipole Bin Stand,00213433,OS-District,,City of Ballarat,Prince of Wales Park,Central,143.816379062966,-37.5496240076726
Lake Gardens,Plastipole Bin Stand,00213439,OS-District,,City of Ballarat,Prince of Wales Park,Central,143.814976936037,-37.5488780379578
Lake Gardens,Plastipole Bin Stand,00213442,OS-District,,City of Ballarat,Prince of Wales Park,Central,143.816811004188,-37.5491480195656
Lake Gardens,Plastipole Bin Stand,00213443,OS-District,,City of Ballarat,Prince of Wales Park,Central,143.816429955227,-37.5489949225333
Lake Gardens,Plastipole Bin Stand,00213444,OS-District,,City of Ballarat,Prince of Wales Park,Central,143.81706807886,-37.5492276642181
Buninyong,Plastipole Bin Stand,00227872,OS-Other,,City of Ballarat,Royal Park,South,143.882530591779,-37.6563251354456
Brown Hill,Plastipole Bin Stand,00213502,OS-District,Russell Square,City of Ballarat,Russell Square,Central,143.885155053359,-37.5558780191637
Brown Hill,Plastipole Bin Stand,00213503,OS-District,Russell Square,City of Ballarat,Russell Square,Central,143.884435957183,-37.5562199858536
Brown Hill,Plastipole Bin Stand,00213504,OS-District,Russell Square,City of Ballarat,Russell Square,Central,143.88441396955,-37.555961017543
Brown Hill,Plastipole Bin Stand,00213505,OS-District,Russell Square,City of Ballarat,Russell Square,Central,143.883975963345,-37.5559260421696
Brown Hill,Plastipole Bin Stand,00213506,OS-District,Russell Square,City of Ballarat,Russell Square,Central,143.88576800933,-37.5548330229014
Lake Wendouree,Rubbish/Recycle Bin Receptacle,00213575,No Code Allocated,Ballarat Botanical Gardens (South),City of Ballarat,South Gardens Reserve,Central,143.820768047983,-37.5533589998868
Lake Wendouree,Cigarette Bin,00213576,No Code Allocated,Ballarat Botanical Gardens (South),City of Ballarat,South Gardens Reserve,Central,143.822245899005,-37.5532736467961
Lake Wendouree,Rubbish/Recycle Bin Receptacle,00213577,No Code Allocated,Ballarat Botanical Gardens (South),City of Ballarat,South Gardens Reserve,Central,143.822273037404,-37.5531350429957
Lake Wendouree,Rubbish/Recycle Bin Receptacle,00212406,OS-Regional,Ballarat Botanical Gardens (South),City of Ballarat,South Gardens Reserve,Central,143.821251969333,-37.551012021406
Golden Point,Rubbish/Recycle Bin Receptacle,00213579,OS-Local,GOLDEN POINT LOOKOUT (SOV HILL LOOKOUT),City of Ballarat,Golden Point Lookout,Central,143.864232807662,-37.5774793448864
Golden Point,Plastipole Bin Stand,00213597,OS-Local,GOLDEN POINT LOOKOUT (SOV HILL LOOKOUT),City of Ballarat,Golden Point Lookout,Central,143.86533622544,-37.5784865152969
Canadian,Plastipole Bin Stand,00213599,OS-Neighbourhood,Sparrow Ground Reserve,City of Ballarat,Sparrow Ground Reserve,South,143.885442961972,-37.5774610246876
Canadian,Plastipole Bin Stand,00213600,OS-Neighbourhood,Sparrow Ground Reserve,City of Ballarat,Sparrow Ground Reserve,South,143.885096045487,-37.5774750074875
Wendouree,Plastipole Bin Stand,00213602,OS-Neighbourhood,STAMFORD STREET RESERVE,City of Ballarat,Stamford Street Reserve,North,143.830129616426,-37.5291713436991
Redan,Plastipole Bin Stand,00213616,OS-District,Trekardo Park,City of Ballarat,Trekardo Park,South,143.837333005919,-37.5712700140328
Redan,Plastipole Bin Stand,00213617,OS-District,Trekardo Park,City of Ballarat,Trekardo Park,South,143.837159045197,-37.5717660023224
Redan,Plastipole Bin Stand,00213618,OS-District,Trekardo Park,City of Ballarat,Trekardo Park,South,143.838091974099,-37.57201901652
Delacombe,Plastipole Bin Stand,00213620,OS-Local,TYAR COURT PARK,City of Ballarat,Tyar Court Park,South,143.829520678822,-37.5835200359025
Newington,Rubbish/Recycle Bin Receptacle,00213632,OS-Regional,,City of Ballarat,Victoria Park,Central,143.827114989983,-37.5616399571107
Newington,Plastipole Bin Stand,00213635,OS-Regional,,City of Ballarat,Victoria Park,Central,143.821116981036,-37.5569559483745
Newington,Plastipole Bin Stand,00213639,OS-Regional,,City of Ballarat,Victoria Park,Central,143.822191043239,-37.5574009809539
Newington,Plastipole Bin Stand,00213642,OS-Regional,,City of Ballarat,Victoria Park,Central,143.823115066056,-37.5577899429149
Newington,Rubbish/Recycle Bin Receptacle,00213654,OS-Regional,,City of Ballarat,Victoria Park,Central,143.820297963899,-37.5578979611068
Newington,Plastipole Bin Stand,00213656,OS-Regional,,City of Ballarat,Victoria Park,Central,143.820236954783,-37.5643940049379
Newington,Plastipole Bin Stand,00213667,OS-Regional,,City of Ballarat,Victoria Park,Central,143.827440052669,-37.5642279775659
Newington,Rubbish/Recycle Bin Receptacle,00235506,OS-Regional,,City of Ballarat,Victoria Park,Central,143.821832965799,-37.5577770046427
Newington,Rubbish/Recycle Bin Receptacle,00235513,OS-Regional,,City of Ballarat,Victoria Park,Central,143.822289076365,-37.5581779751646
Newington,Rubbish/Recycle Bin Receptacle,00235521,OS-Regional,,City of Ballarat,Victoria Park,Central,143.82718406861,-37.5641010242969
Newington,Rubbish/Recycle Bin Receptacle,00235553,OS-Regional,,City of Ballarat,Victoria Park,Central,143.827121935829,-37.5616560099714
Sebastopol,Plastipole Bin Stand,00213670,OS-Neighbourhood,VICTORIA STREET RESERVE,City of Ballarat,Victoria Street Reserve,South,143.833839935494,-37.5987576580054
Sebastopol,Plastipole Bin Stand,00213673,OS-Neighbourhood,Victory Park,City of Ballarat,Victory Park,South,143.838720976146,-37.5928549649714
Sebastopol,Plastipole Bin Stand,00213674,OS-Neighbourhood,Victory Park,City of Ballarat,Victory Park,South,143.838218005571,-37.5928530138795
Sebastopol,Plastipole Bin Stand,00213686,OS-Local,WALL STREET PARK,City of Ballarat,Wall Street Reserve,South,143.837272292893,-37.610676157986
Ballarat East,Plastipole Bin Stand,00213695,OS-Neighbourhood,WEBB AVENUE PARK,City of Ballarat,Webb Avenue Park,Central,143.870836287031,-37.5564538622431
Wendouree,Rubbish/Recycle Bin Receptacle,00213702,OS-Neighbourhood,,City of Ballarat,Weeramar Park,North,143.823043513118,-37.5313503918222
Wendouree,Rubbish/Recycle Bin Receptacle,00213708,OS-Neighbourhood,,City of Ballarat,Weeramar Park,North,143.823216990741,-37.5314020181753
Wendouree,Rubbish/Recycle Bin Receptacle,00213718,OS-District,Wendouree West Recreation Reserve,City of Ballarat,Wendouree West Recreation Reserve,No Code Allocated,143.818818007112,-37.5256350327831
Wendouree,Rubbish/Recycle Bin Receptacle,00213719,OS-District,Wendouree West Recreation Reserve,City of Ballarat,Wendouree West Recreation Reserve,No Code Allocated,143.818901000892,-37.5258410193521
Ballarat Central,Plastipole Bin Stand,00213742,OS-District,Western Oval,City of Ballarat,Western Oval Reserve,Central,143.838457049395,-37.5654550374262
Ballarat Central,Plastipole Bin Stand,00213743,OS-District,Western Oval,City of Ballarat,Western Oval Reserve,Central,143.838564013836,-37.564813965065
Ballarat Central,Plastipole Bin Stand,00213765,OS-Neighbourhood,White Flat,City of Ballarat,White Flat Oval Reserve,Central,143.856920778133,-37.5680836659799
Sebastopol,Plastipole Bin Stand,00213777,OS-District,St Georges Reserve,City of Ballarat,St Georges Reserve,South,143.837804004357,-37.5916879844977
Sebastopol,Plastipole Bin Stand,00213778,OS-District,St Georges Reserve,City of Ballarat,St Georges Reserve,South,143.837801983356,-37.5920519743043
Ballarat Central,Recycle Bin Receptacle,00225080,No Code Allocated,Albert Street,City of Ballarat,Albert Street,Central,143.858425788386,-37.5660471993661
Ballarat Central,Rubbish Bin Receptacle,00225081,No Code Allocated,Albert Street,City of Ballarat,Albert Street,Central,143.858597418636,-37.5651598150953
Ballarat Central,Plastipole Bin Stand,00225086,No Code Allocated,Albert Street,City of Ballarat,Albert Street,Central,143.858982596017,-37.5631642596905
Ballarat Central,Rubbish/Recycle Bin Receptacle,00224609,No Code Allocated,Armstrong Street North,City of Ballarat,Armstrong Street North,Central,143.856497579562,-37.5609614295153
Ballarat Central,Rubbish/Recycle Bin Receptacle,00224612,No Code Allocated,Armstrong Street North,City of Ballarat,Armstrong Street North,Central,143.856397718308,-37.5615443150965
Ballarat Central,Rubbish/Recycle Bin Receptacle,00225303,No Code Allocated,Armstrong Street North,City of Ballarat,Armstrong Street North,Central,143.856498354245,-37.5603892329823
Ballarat Central,Rubbish/Recycle Bin Receptacle,00225306,No Code Allocated,Armstrong Street North,City of Ballarat,Armstrong Street North,Central,143.856375242297,-37.5610449471699
Ballarat Central,Rubbish/Recycle Bin Receptacle,00227531,No Code Allocated,Armstrong Street North,City of Ballarat,Armstrong Street North,Central,143.856498354245,-37.5603892329823
Ballarat Central,Rubbish/Recycle Bin Receptacle,00225553,No Code Allocated,Armstrong Street South,City of Ballarat,Armstrong Street South,Central,143.856101869918,-37.5623184667232
No Code Allocated,Cigarette Bin,00212267,No Code Allocated,,City of Ballarat,Armstrong Street South,No Code Allocated,143.855897966442,-37.5634550536119
Bakery Hill,Rubbish/Recycle Bin Receptacle,00225167,No Code Allocated,Bridge Mall,City of Ballarat,Bridge Mall,Central,143.864893768097,-37.5628591984731
Bakery Hill,Rubbish/Recycle Bin Receptacle,00225170,No Code Allocated,Bridge Mall,City of Ballarat,Bridge Mall,Central,143.864653523525,-37.5628874693135
Bakery Hill,Rubbish/Recycle Bin Receptacle,00225175,No Code Allocated,Bridge Mall,City of Ballarat,Bridge Mall,Central,143.864750233313,-37.5627202258103
Bakery Hill,Rubbish/Recycle Bin Receptacle,00225180,No Code Allocated,Bridge Mall,City of Ballarat,Bridge Mall,Central,143.865037516834,-37.5627113566431
Bakery Hill,Rubbish/Recycle Bin Receptacle,00225183,No Code Allocated,Bridge Mall,City of Ballarat,Bridge Mall,Central,143.865099329482,-37.56272931839
Bakery Hill,Rubbish/Recycle Bin Receptacle,00225186,No Code Allocated,Bridge Mall,City of Ballarat,Bridge Mall,Central,143.865271604498,-37.5626908035249
Bakery Hill,Rubbish/Recycle Bin Receptacle,00225188,No Code Allocated,Bridge Mall,City of Ballarat,Bridge Mall,Central,143.865518702977,-37.5626405591672
Bakery Hill,Rubbish/Recycle Bin Receptacle,00225193,No Code Allocated,Bridge Mall,City of Ballarat,Bridge Mall,Central,143.863895198201,-37.562676560744
Bakery Hill,Rubbish/Recycle Bin Receptacle,00225194,No Code Allocated,Bridge Mall,City of Ballarat,Bridge Mall,Central,143.863955452805,-37.5627424976127
Ballarat Central,Rubbish/Recycle Bin Receptacle,00225400,No Code Allocated,Bridge Mall,City of Ballarat,Bridge Mall,Central,143.863769453418,-37.5626030228496
Ballarat Central,Rubbish/Recycle Bin Receptacle,00225413,No Code Allocated,Bridge Mall,City of Ballarat,Bridge Mall,Central,143.863477665724,-37.5626065918563
Ballarat Central,Rubbish/Recycle Bin Receptacle,00225419,No Code Allocated,Bridge Mall,City of Ballarat,Bridge Mall,Central,143.863258466664,-37.5626523703035
Ballarat Central,Rubbish/Recycle Bin Receptacle,00225427,No Code Allocated,Bridge Mall,City of Ballarat,Bridge Mall,Central,143.8631610884,-37.5626574370227
Ballarat Central,Rubbish/Recycle Bin Receptacle,00225431,No Code Allocated,Bridge Mall,City of Ballarat,Bridge Mall,Central,143.863005693949,-37.5625367713312
Ballarat Central,Rubbish/Recycle Bin Receptacle,00225437,No Code Allocated,Bridge Mall,City of Ballarat,Bridge Mall,Central,143.862824881777,-37.5626065768483
Ballarat Central,Rubbish/Recycle Bin Receptacle,00225439,No Code Allocated,Bridge Mall,City of Ballarat,Bridge Mall,Central,143.862818625593,-37.5625230196563
Ballarat Central,Rubbish/Recycle Bin Receptacle,00225442,No Code Allocated,Bridge Mall,City of Ballarat,Bridge Mall,Central,143.862561983068,-37.5624748232483
Ballarat Central,Rubbish/Recycle Bin Receptacle,00225443,No Code Allocated,Bridge Mall,City of Ballarat,Bridge Mall,Central,143.862503509963,-37.562567700335
Ballarat Central,Rubbish/Recycle Bin Receptacle,00225446,No Code Allocated,Bridge Mall,City of Ballarat,Bridge Mall,Central,143.862159718169,-37.5625226990193
Ballarat Central,Rubbish/Recycle Bin Receptacle,00225452,No Code Allocated,Bridge Mall,City of Ballarat,Bridge Mall,Central,143.862041470425,-37.5624202333397
Ballarat Central,Rubbish/Recycle Bin Receptacle,00225455,No Code Allocated,Bridge Mall,City of Ballarat,Bridge Mall,Central,143.861883193003,-37.5624903016499
Ballarat Central,Rubbish/Recycle Bin Receptacle,00225465,No Code Allocated,Bridge Mall,City of Ballarat,Bridge Mall,Central,143.86142004263,-37.5624143136811
Ballarat Central,Rubbish/Recycle Bin Receptacle,00225478,No Code Allocated,Bridge Mall,City of Ballarat,Bridge Mall,Central,143.86118924949,-37.5623287237427
Ballarat Central,Rubbish/Recycle Bin Receptacle,00225490,No Code Allocated,Bridge Mall,City of Ballarat,Bridge Mall,Central,143.860933364772,-37.5624097182762
Bakery Hill,Rubbish/Recycle Bin Receptacle,00227532,No Code Allocated,Bridge Mall,City of Ballarat,Bridge Mall,Central,143.864653523525,-37.5628874693135
Bakery Hill,Rubbish/Recycle Bin Receptacle,00227533,No Code Allocated,Bridge Mall,City of Ballarat,Bridge Mall,Central,143.863895198201,-37.562676560744
Ballarat Central,Rubbish/Recycle Bin Receptacle,00227534,No Code Allocated,Bridge Mall,City of Ballarat,Bridge Mall,Central,143.863005693949,-37.5625367713312
Ballarat Central,Rubbish/Recycle Bin Receptacle,00227535,No Code Allocated,Bridge Mall,City of Ballarat,Bridge Mall,Central,143.862561983068,-37.5624748232483
Ballarat Central,Rubbish/Recycle Bin Receptacle,00227536,No Code Allocated,Bridge Mall,City of Ballarat,Bridge Mall,Central,143.862159718169,-37.5625226990193
Ballarat Central,Rubbish/Recycle Bin Receptacle,00227537,No Code Allocated,Bridge Mall,City of Ballarat,Bridge Mall,Central,143.862041470425,-37.5624202333397
Ballarat Central,Rubbish/Recycle Bin Receptacle,00225507,No Code Allocated,Camp Street,City of Ballarat,Camp Street,Central,143.859190323421,-37.5605573950347
Ballarat Central,Rubbish/Recycle Bin Receptacle,00225510,No Code Allocated,Camp Street,City of Ballarat,Camp Street,Central,143.85942263715,-37.561298478235
Bakery Hill,Rubbish/Recycle Bin Receptacle,00225190,No Code Allocated,Curtis Street ,City of Ballarat,Curtis Street,Central,143.864741757768,-37.5620323780248
Bakery Hill,Rubbish/Recycle Bin Receptacle,00225191,No Code Allocated,Curtis Street ,City of Ballarat,Curtis Street,Central,143.864439545027,-37.5619971864036
Ballarat Central,Rubbish/Recycle Bin Receptacle,00225222,No Code Allocated,Curtis Street (Dan Murphys),City of Ballarat,Curtis Street,Central,143.862610128834,-37.5615861049559
Ballarat Central,Rubbish/Recycle Bin Receptacle,00225084,No Code Allocated,Dana Street,City of Ballarat,Dana Street,Central,143.85802198618,-37.5643383792841
Ballarat Central,Rubbish/Recycle Bin Receptacle,00225235,No Code Allocated,Doveton Street North,City of Ballarat,Doveton Street North,Central,143.855000540477,-37.5608641313631
Ballarat Central,Rubbish/Recycle Bin Receptacle,00225236,No Code Allocated,Doveton Street North,City of Ballarat,Doveton Street North,Central,143.855128761199,-37.5602173955399
Ballarat Central,Rubbish/Recycle Bin Receptacle,00224991,No Code Allocated,Doveton Street South,City of Ballarat,Doveton Street South,Central,143.854492814017,-37.5629344564452
Ballarat Central,Rubbish/Recycle Bin Receptacle,00224993,No Code Allocated,Doveton Street South,City of Ballarat,Doveton Street South,Central,143.854800612232,-37.5621466836179
Ballarat Central,Rubbish/Recycle Bin Receptacle,00224995,No Code Allocated,Doveton Street South,City of Ballarat,Doveton Street South,Central,143.854714277178,-37.5625654265236
Wendouree,Rubbish/Recycle Bin Receptacle,00224108,No Code Allocated,Grandview Grove,City of Ballarat,Grandview Grove,North,143.838657584691,-37.53377238649
Ballarat Central,Rubbish/Recycle Bin Receptacle,00225070,No Code Allocated,Grant Street,City of Ballarat,Grant Street,Central,143.85617385239,-37.5665575056285
Ballarat Central,Rubbish/Recycle Bin Receptacle,00225071,No Code Allocated,Grant Street,City of Ballarat,Grant Street,Central,143.856694928377,-37.5667179827333
Ballarat Central,Rubbish/Recycle Bin Receptacle,00225072,No Code Allocated,Grant Street,City of Ballarat,Grant Street,Central,143.858677674229,-37.567483161857
Ballarat Central,Rubbish/Recycle Bin Receptacle,00225075,No Code Allocated,Grant Street,City of Ballarat,Grant Street,Central,143.857897027317,-37.5669143120147
Ballarat Central,Rubbish/Recycle Bin Receptacle,00227538,No Code Allocated,Grant Street,City of Ballarat,Grant Street,Central,143.85617385239,-37.5665575056285
Ballarat Central,Rubbish/Recycle Bin Receptacle,00227539,No Code Allocated,Grant Street,City of Ballarat,Grant Street,Central,143.856694928377,-37.5667179827333
Ballarat Central,Rubbish/Recycle Bin Receptacle,00225198,No Code Allocated,Grenville Street North,City of Ballarat,Grenville Street North,Central,143.860840806473,-37.5620852363391
Ballarat Central,Rubbish/Recycle Bin Receptacle,00225219,No Code Allocated,Grenville Street North,City of Ballarat,Grenville Street North,Central,143.861040179175,-37.56023781047
Ballarat Central,Rubbish/Recycle Bin Receptacle,00225500,No Code Allocated,Grenville Street North,City of Ballarat,Grenville Street North,Central,143.860834162534,-37.5610893586893
Wendouree,Rubbish/Recycle Bin Receptacle,00224126,No Code Allocated,Outside hobby shop,City of Ballarat,Harold Street,No Code Allocated,143.831895640597,-37.5301395320298
Learmonth,Plastipole Bin Stand,00227316,No Code Allocated,,City of Ballarat,Foreshore Road,North,143.724972023446,-37.4353862796753
Learmonth,Plastipole Bin Stand,00227348,No Code Allocated,,City of Ballarat,Foreshore Road,North,143.713376077163,-37.4239293298752
Learmonth,Plastipole Bin Stand,00227377,No Code Allocated,,City of Ballarat,Foreshore Road,North,143.711967162234,-37.4230756205446
Buninyong,Rubbish/Recycle Bin Receptacle,00225749,R-Primary Access Road,"Out the front of FoodWorks, 310 Learmonth St",City of Ballarat,Learmonth Street service road (north),No Code Allocated,143.8868296433,-37.6506134905944
Buninyong,Rubbish/Recycle Bin Receptacle,00225750,R-Primary Access Road,"Out the front of Buninyong Bakery, 308 Learmonth St",City of Ballarat,Learmonth Street service road (north),No Code Allocated,143.885678478086,-37.6503882132933
Buninyong,Rubbish/Recycle Bin Receptacle,00225751,R-Primary Access Road,"Out the front of Buninyong Bakery, 308 Learmonth St",City of Ballarat,Learmonth Street service road (north),No Code Allocated,143.885596494845,-37.6503576924214
Buninyong,Rubbish/Recycle Bin Receptacle,00225755,R-Primary Access Road,"Ot the front of Ridge Therapies, 318 Learmonth st",City of Ballarat,Learmonth Street service road (north),No Code Allocated,143.884699637416,-37.6501645641728
Buninyong,Rubbish/Recycle Bin Receptacle,00225744,R-Primary Access Road,"Out the front of Buninyong Cake Shop, 317 Learmonth St",City of Ballarat,Learmonth Street service road (south),No Code Allocated,143.884222590298,-37.6504938588686
Buninyong,Rubbish/Recycle Bin Receptacle,00225746,R-Primary Access Road,"Out the front of Buninyong Cake Shop, 317 Learmonth St",City of Ballarat,Learmonth Street service road (south),No Code Allocated,143.884334724136,-37.6505128302914
Ballarat Central,Rubbish/Recycle Bin Receptacle,00225119,No Code Allocated,Little Bridge Street,City of Ballarat,Little Bridge Street,Central,143.863283045667,-37.5633679407521
Ballarat Central,Rubbish/Recycle Bin Receptacle,00225126,No Code Allocated,Little Bridge Street,City of Ballarat,Little Bridge Street,Central,143.862401673795,-37.5632929163628
Ballarat Central,Rubbish/Recycle Bin Receptacle,00225127,No Code Allocated,Little Bridge Street,City of Ballarat,Little Bridge Street,Central,143.862143681419,-37.5632420486435
Ballarat Central,Rubbish/Recycle Bin Receptacle,00225128,No Code Allocated,Little Bridge Street,City of Ballarat,Little Bridge Street,Central,143.862055506604,-37.5632450890296
Ballarat Central,Rubbish/Recycle Bin Receptacle,00225132,No Code Allocated,Little Bridge Street,City of Ballarat,Little Bridge Street,Central,143.86137634459,-37.5629937679807
Ballarat Central,Rubbish/Recycle Bin Receptacle,00225149,No Code Allocated,Little Bridge Street,City of Ballarat,Little Bridge Street,Central,143.862950029126,-37.5631965310727
Ballarat Central,Rubbish/Recycle Bin Receptacle,00227540,No Code Allocated,Little Bridge Street,City of Ballarat,Little Bridge Street,Central,143.862143681419,-37.5632420486435
No Code Allocated,Rubbish/Recycle Bin Receptacle,00225102,No Code Allocated,Coles/Safeway Off-Street Car Parking,City of Ballarat,Little Bridge Street,No Code Allocated,143.862900252631,-37.5639657174322
Ballarat Central,Rubbish/Recycle Bin Receptacle,00224594,No Code Allocated,Lydiard Street North,City of Ballarat,Lydiard Street North,Central,143.857750884762,-37.561584799226
Ballarat Central,Rubbish/Recycle Bin Receptacle,00224596,No Code Allocated,Lydiard Street North,City of Ballarat,Lydiard Street North,Central,143.85801191755,-37.5607502146417
Ballarat Central,Rubbish/Recycle Bin Receptacle,00224600,No Code Allocated,Lydiard Street North,City of Ballarat,Lydiard Street North,Central,143.858048958959,-37.5600640557208
Ballarat Central,Rubbish/Recycle Bin Receptacle,00225311,No Code Allocated,Lydiard Street North,City of Ballarat,Lydiard Street North,Central,143.857903454676,-37.5615104594755
Ballarat Central,Rubbish/Recycle Bin Receptacle,00225319,No Code Allocated,Lydiard Street North,City of Ballarat,Lydiard Street North,Central,143.857994368315,-37.5609366200425
Ballarat Central,Rubbish/Recycle Bin Receptacle,00225320,No Code Allocated,Lydiard Street North,City of Ballarat,Lydiard Street North,Central,143.858045449511,-37.5606265868198
Ballarat Central,Rubbish/Recycle Bin Receptacle,00225322,No Code Allocated,Lydiard Street North,City of Ballarat,Lydiard Street North,Central,143.858110638983,-37.5602355662553
Ballarat Central,Rubbish/Recycle Bin Receptacle,00225330,No Code Allocated,Lydiard Street North,City of Ballarat,Lydiard Street North,Central,143.858292020854,-37.5594553528788
Ballarat Central,Rubbish/Recycle Bin Receptacle,00225334,No Code Allocated,Lydiard Street North,City of Ballarat,Lydiard Street North,Central,143.858460484712,-37.5585771457859
Ballarat Central,Rubbish/Recycle Bin Receptacle,00225336,No Code Allocated,Lydiard Street North,City of Ballarat,Lydiard Street North,Central,143.858353414003,-37.5584617903942
Ballarat Central,Rubbish/Recycle Bin Receptacle,00227541,No Code Allocated,Lydiard Street North,City of Ballarat,Lydiard Street North,Central,143.858110638983,-37.5602355662553
Ballarat Central,Rubbish/Recycle Bin Receptacle,00224592,No Code Allocated,Lydiard Street South,City of Ballarat,Lydiard Street South,Central,143.857582185763,-37.5623802028644
Ballarat Central,Rubbish/Recycle Bin Receptacle,00225013,No Code Allocated,Lydiard Street South,City of Ballarat,Lydiard Street South,Central,143.85713393495,-37.5647166238758
Ballarat Central,Rubbish/Recycle Bin Receptacle,00225014,No Code Allocated,Lydiard Street South,City of Ballarat,Lydiard Street South,Central,143.857096405545,-37.5647387079169
Ballarat Central,Rubbish/Recycle Bin Receptacle,00225027,No Code Allocated,Lydiard Street South,City of Ballarat,Lydiard Street South,Central,143.8574009879,-37.565007417342
Ballarat Central,Rubbish/Recycle Bin Receptacle,00225042,No Code Allocated,Lydiard Street South,City of Ballarat,Lydiard Street South,Central,143.857105902073,-37.5654461757198
Ballarat Central,Rubbish/Recycle Bin Receptacle,00225051,No Code Allocated,Lydiard Street South,City of Ballarat,Lydiard Street South,Central,143.856948633125,-37.5653948394394
Ballarat Central,Rubbish/Recycle Bin Receptacle,00225534,No Code Allocated,Lydiard Street South,City of Ballarat,Lydiard Street South,Central,143.857759012083,-37.5622356232233
Ballarat Central,Rubbish/Recycle Bin Receptacle,00227542,No Code Allocated,Lydiard Street South,City of Ballarat,Lydiard Street South,Central,143.857105902073,-37.5654461757198
Ballarat Central,Rubbish/Recycle Bin Receptacle,00227543,No Code Allocated,Lydiard Street South,City of Ballarat,Lydiard Street South,Central,143.856948633125,-37.5653948394394
Ballarat Central,Plastipole Bin Stand,00225022,No Code Allocated,,City of Ballarat,Lydiard Street South,Central,143.857307094189,-37.5647928049112
No Code Allocated,Rubbish/Recycle Bin Receptacle,00224131,No Code Allocated,Next to bus stop,City of Ballarat,Main Road,No Code Allocated,143.865304146321,-37.5638085054406
Bakery Hill,Rubbish/Recycle Bin Receptacle,00225106,No Code Allocated,Main Road,City of Ballarat,Main Road,Central,143.867237239217,-37.5648962463964
Bakery Hill,Rubbish/Recycle Bin Receptacle,00225107,No Code Allocated,Main Road,City of Ballarat,Main Road,Central,143.865216556815,-37.5637972971562
Ballarat Central,Rubbish/Recycle Bin Receptacle,00224605,No Code Allocated,Mair Street,City of Ballarat,Mair Street,Central,143.856814879347,-37.5597062182042
Ballarat Central,Rubbish/Recycle Bin Receptacle,00225233,No Code Allocated,Mair Street,City of Ballarat,Mair Street,Central,143.854929595509,-37.5604261272836
Ballarat Central,Rubbish/Recycle Bin Receptacle,00225504,No Code Allocated,Mair Street,City of Ballarat,Mair Street,Central,143.858984056579,-37.5599615627227
Ballarat Central,Rubbish/Recycle Bin Receptacle,00225394,No Code Allocated,Mair Street East,City of Ballarat,Mair Street East,Central,143.863547648778,-37.5604590949048
No Code Allocated,Rubbish/Recycle Bin Receptacle,00224879,No Code Allocated,,City of Ballarat,Ripon Street South,No Code Allocated,143.841312551529,-37.5603469686779
Lake Gardens,Rubbish/Recycle Bin Receptacle,00225886,No Code Allocated,St Cedars Grove,City of Ballarat,St Cedars Grove,Central,143.817759569957,-37.5449828489945
Ballarat Central,Rubbish/Recycle Bin Receptacle,00224778,No Code Allocated,Sturt Street,City of Ballarat,Sturt Street,Central,143.860408186232,-37.5624786803667
Ballarat Central,Rubbish/Recycle Bin Receptacle,00224782,No Code Allocated,Sturt Street,City of Ballarat,Sturt Street,Central,143.859506099933,-37.5623826008445
Ballarat Central,Rubbish/Recycle Bin Receptacle,00224791,No Code Allocated,Sturt Street,City of Ballarat,Sturt Street,Central,143.857435822828,-37.5621461368616
Ballarat Central,Rubbish/Recycle Bin Receptacle,00224803,No Code Allocated,Sturt Street,City of Ballarat,Sturt Street,Central,143.855999576427,-37.5619963788807
Ballarat Central,Rubbish/Recycle Bin Receptacle,00224804,No Code Allocated,Sturt Street,City of Ballarat,Sturt Street,Central,143.855736601789,-37.5619659817034
Ballarat Central,Rubbish/Recycle Bin Receptacle,00224807,No Code Allocated,Sturt Street,City of Ballarat,Sturt Street,Central,143.855042957023,-37.5618740125279
Ballarat Central,Rubbish/Recycle Bin Receptacle,00224811,No Code Allocated,Sturt Street,City of Ballarat,Sturt Street,Central,143.855713136851,-37.5619591609866
Ballarat Central,Rubbish/Recycle Bin Receptacle,00224814,No Code Allocated,Sturt Street,City of Ballarat,Sturt Street,Central,143.854228448416,-37.5617648697995
Ballarat Central,Rubbish/Recycle Bin Receptacle,00224821,No Code Allocated,Sturt Street,City of Ballarat,Sturt Street,Central,143.852203131043,-37.5615489411158
Ballarat Central,Rubbish/Recycle Bin Receptacle,00224825,No Code Allocated,Sturt Street,City of Ballarat,Sturt Street,Central,143.851627667247,-37.5614718452948
Ballarat Central,Rubbish/Recycle Bin Receptacle,00224829,No Code Allocated,Sturt Street,City of Ballarat,Sturt Street,Central,143.850593304781,-37.5613704244377
Ballarat Central,Rubbish/Recycle Bin Receptacle,00224833,No Code Allocated,Sturt Street,City of Ballarat,Sturt Street,Central,143.850103656187,-37.561293680317
Ballarat Central,Rubbish/Recycle Bin Receptacle,00224834,No Code Allocated,Sturt Street,City of Ballarat,Sturt Street,Central,143.849360066372,-37.5612214460956
Ballarat Central,Rubbish/Recycle Bin Receptacle,00224837,No Code Allocated,Sturt Street,City of Ballarat,Sturt Street,Central,143.848597998341,-37.5611068525761
Ballarat Central,Rubbish/Recycle Bin Receptacle,00224842,No Code Allocated,Sturt Street,City of Ballarat,Sturt Street,Central,143.847095386866,-37.5609433597212
Ballarat Central,Rubbish/Recycle Bin Receptacle,00224845,No Code Allocated,Sturt Street,City of Ballarat,Sturt Street,Central,143.846109008015,-37.560814610146
Ballarat Central,Rubbish/Recycle Bin Receptacle,00224846,No Code Allocated,Sturt Street,City of Ballarat,Sturt Street,Central,143.845727415624,-37.5607930893335
Ballarat Central,Rubbish/Recycle Bin Receptacle,00224855,No Code Allocated,Sturt Street,City of Ballarat,Sturt Street,Central,143.845044917161,-37.5607257515823
Ballarat Central,Rubbish/Recycle Bin Receptacle,00224869,No Code Allocated,Sturt Street,City of Ballarat,Sturt Street,Central,143.842491528356,-37.5604062411233
Ballarat Central,Rubbish/Recycle Bin Receptacle,00224896,No Code Allocated,Sturt Street,City of Ballarat,Sturt Street,Central,143.839493703971,-37.5595841231426
Ballarat Central,Rubbish/Recycle Bin Receptacle,00224897,No Code Allocated,Sturt Street,City of Ballarat,Sturt Street,Central,143.841175873084,-37.5597676283099
Ballarat Central,Rubbish/Recycle Bin Receptacle,00224906,No Code Allocated,Sturt Street,City of Ballarat,Sturt Street,Central,143.844176872911,-37.5601429660916
Ballarat Central,Rubbish/Recycle Bin Receptacle,00224912,No Code Allocated,Sturt Street,City of Ballarat,Sturt Street,Central,143.845194589287,-37.5602775540871
Ballarat Central,Rubbish/Recycle Bin Receptacle,00224930,No Code Allocated,Sturt Street,City of Ballarat,Sturt Street,Central,143.848138540258,-37.5605924428196
Ballarat Central,Rubbish/Recycle Bin Receptacle,00224939,No Code Allocated,Sturt Street,City of Ballarat,Sturt Street,Central,143.850934053396,-37.560917422668
Ballarat Central,Rubbish/Recycle Bin Receptacle,00224946,No Code Allocated,Sturt Street,City of Ballarat,Sturt Street,Central,143.852309282905,-37.5610855682993
Ballarat Central,Rubbish/Recycle Bin Receptacle,00224949,No Code Allocated,Sturt Street,City of Ballarat,Sturt Street,Central,143.8536488725,-37.5612658232398
Ballarat Central,Rubbish/Recycle Bin Receptacle,00224952,No Code Allocated,Sturt Street,City of Ballarat,Sturt Street,Central,143.854552421376,-37.561365156475
Ballarat Central,Rubbish/Recycle Bin Receptacle,00224956,No Code Allocated,Sturt Street,City of Ballarat,Sturt Street,Central,143.855162709542,-37.561435267853
Ballarat Central,Rubbish/Recycle Bin Receptacle,00224961,No Code Allocated,Sturt Street,City of Ballarat,Sturt Street,Central,143.856083966848,-37.5615476766724
Ballarat Central,Rubbish/Recycle Bin Receptacle,00224968,No Code Allocated,Sturt Street,City of Ballarat,Sturt Street,Central,143.856810152189,-37.56162335336
Ballarat Central,Rubbish/Recycle Bin Receptacle,00224971,No Code Allocated,Sturt Street,City of Ballarat,Sturt Street,Central,143.858166767826,-37.5617895380906
Ballarat Central,Rubbish/Recycle Bin Receptacle,00224974,No Code Allocated,Sturt Street,City of Ballarat,Sturt Street,Central,143.859037402353,-37.56189513065
Ballarat Central,Rubbish/Recycle Bin Receptacle,00224975,No Code Allocated,Sturt Street,City of Ballarat,Sturt Street,Central,143.859491034162,-37.5619502738651
Ballarat Central,Rubbish/Recycle Bin Receptacle,00224979,No Code Allocated,Sturt Street,City of Ballarat,Sturt Street,Central,143.860566618306,-37.5621108979435
Ballarat Central,Rubbish/Recycle Bin Receptacle,00227544,No Code Allocated,Sturt Street,City of Ballarat,Sturt Street,Central,143.860408186232,-37.5624786803667
Ballarat Central,Rubbish/Recycle Bin Receptacle,00227545,No Code Allocated,Sturt Street,City of Ballarat,Sturt Street,Central,143.857435822828,-37.5621461368616
Ballarat Central,Rubbish/Recycle Bin Receptacle,00227546,No Code Allocated,Sturt Street,City of Ballarat,Sturt Street,Central,143.855999576427,-37.5619963788807
Ballarat Central,Rubbish/Recycle Bin Receptacle,00227547,No Code Allocated,Sturt Street,City of Ballarat,Sturt Street,Central,143.854228448416,-37.5617648697995
Ballarat Central,Rubbish/Recycle Bin Receptacle,00227548,No Code Allocated,Sturt Street,City of Ballarat,Sturt Street,Central,143.855162709542,-37.561435267853
Ballarat Central,Rubbish/Recycle Bin Receptacle,00227549,No Code Allocated,Sturt Street,City of Ballarat,Sturt Street,Central,143.856810152189,-37.56162335336
Ballarat Central,Rubbish/Recycle Bin Receptacle,00227550,No Code Allocated,Sturt Street,City of Ballarat,Sturt Street,Central,143.859491034162,-37.5619502738651
Learmonth,Rubbish/Recycle Bin Receptacle,00227227,No Code Allocated,High Street (Learmonth),City of Ballarat,High Street (Sunraysia Highway),North,143.713912467443,-37.4204737688345
Ballarat East,Rubbish/Recycle Bin Receptacle,00258342,FP-Medium Use Footpath,Outside Group Practice,City of Ballarat,Victoria Street service road,No Code Allocated,143.867383047012,-37.5622230274136
Buninyong,Rubbish/Recycle Bin Receptacle,00225760,No Code Allocated,Out the front of Chocallato shop,City of Ballarat,Warrenheip Street,South,143.884193194683,-37.6499452070726
Buninyong,Rubbish/Recycle Bin Receptacle,00225763,No Code Allocated,501 Warrenheip Street in front of Bp Servo,City of Ballarat,Warrenheip Street,South,143.884427317987,-37.6493155899769
Buninyong,Rubbish/Recycle Bin Receptacle,00261277,FP-Low Use Footpath,Next to Sherrif seat 307 Warrenheip Street Buninyong ,City of Ballarat,Warrenheip Street,South,143.885033046698,-37.6473839587063
Lake Wendouree,Recycle Bin Receptacle,00262923,OS-State,,Not Assessed,Lake Wendouree Reserve,Central,143.834322970114,-37.5444910586378
Newington,Rubbish/Recycle Bin Receptacle,00235499,OS-Regional,,Not Assessed,Victoria Park,Central,143.822350072719,-37.5574970155927
Newington,Recycle Bin Receptacle,00262985,OS-Regional,,Not Assessed,Victoria Park,Central,143.822371991869,-37.5574270183558
Newington,Recycle Bin Receptacle,00262987,OS-Regional,,Not Assessed,Victoria Park,Central,143.821958974382,-37.5572470420798
Newington,Recycle Bin Receptacle,00262989,OS-Regional,,Not Assessed,Victoria Park,Central,143.821154069951,-37.5568800019247
Newington,Recycle Bin Receptacle,00262995,No Code Allocated,,Not Assessed,Military Drive,No Code Allocated,143.820225040784,-37.562250994295
Newington,Recycle Bin Receptacle,00262996,No Code Allocated,,Not Assessed,Military Drive,No Code Allocated,143.820777045979,-37.56193197185
Newington,Recycle Bin Receptacle,00262991,No Code Allocated,,Not Assessed,Oak Avenue,Central,143.822869957304,-37.5583279826875
Newington,Recycle Bin Receptacle,00262993,No Code Allocated,,Not Assessed,Oak Avenue,Central,143.823069021388,-37.5584470269151
Newington,Recycle Bin Receptacle,00262994,No Code Allocated,,Not Assessed,Oak Avenue,Central,143.821883936066,-37.5578289488712
Newington,Recycle Bin Receptacle,00262999,No Code Allocated,,Not Assessed,Plane Avenue,No Code Allocated,143.82723202174,-37.5640520280742
Newington,Recycle Bin Receptacle,00263002,No Code Allocated,,Not Assessed,Plane Avenue,No Code Allocated,143.827122044928,-37.5616169908884
No Code Allocated,Recycle Bin Receptacle,00262964,No Code Allocated,,Not Assessed,Armstrong Street North,No Code Allocated,143.856546941764,-37.5603070505127
No Code Allocated,Recycle Bin Receptacle,00262965,No Code Allocated,,Not Assessed,Armstrong Street North,No Code Allocated,143.85672109663,-37.5601429839671
No Code Allocated,Recycle Bin Receptacle,00262971,No Code Allocated,,Not Assessed,Bridge Mall,No Code Allocated,143.861970996907,-37.5625189879308
No Code Allocated,Recycle Bin Receptacle,00262972,No Code Allocated,,Not Assessed,Bridge Mall,No Code Allocated,143.862099016322,-37.562518945606
No Code Allocated,Recycle Bin Receptacle,00262973,No Code Allocated,,Not Assessed,Bridge Mall,No Code Allocated,143.862410012736,-37.5625499653944
No Code Allocated,Recycle Bin Receptacle,00262974,No Code Allocated,,Not Assessed,Bridge Mall,No Code Allocated,143.863029998177,-37.5625979945852
No Code Allocated,Recycle Bin Receptacle,00262975,No Code Allocated,,Not Assessed,Bridge Mall,No Code Allocated,143.863866988184,-37.5626079536582
No Code Allocated,Recycle Bin Receptacle,00262976,No Code Allocated,,Not Assessed,Bridge Mall,No Code Allocated,143.863964935476,-37.5627300129007
No Code Allocated,Recycle Bin Receptacle,00262977,No Code Allocated,,Not Assessed,Bridge Mall,No Code Allocated,143.86464297288,-37.5628100536808
No Code Allocated,Recycle Bin Receptacle,00262978,No Code Allocated,,Not Assessed,Bridge Mall,No Code Allocated,143.865048016426,-37.5627490364911
No Code Allocated,Recycle Bin Receptacle,00263018,No Code Allocated,,Not Assessed,Doveton Street North,No Code Allocated,143.859335007473,-37.5399290727919
No Code Allocated,Recycle Bin Receptacle,00263019,No Code Allocated,,Not Assessed,Doveton Street North,No Code Allocated,143.859340002626,-37.5401189872269
No Code Allocated,Recycle Bin Receptacle,00262917,R-Primary Access Road,,Not Assessed,Gillies Street North,No Code Allocated,143.820674046393,-37.5479920073581
No Code Allocated,Recycle Bin Receptacle,00262918,R-Primary Access Road,,Not Assessed,Gillies Street North,No Code Allocated,143.820462010595,-37.5500070164085
Buninyong,Recycle Bin Receptacle,00263022,R-Primary Access Road,,Not Assessed,Learmonth Street service road (south),No Code Allocated,143.884730969886,-37.6502069577139
Buninyong,Recycle Bin Receptacle,00263023,R-Primary Access Road,,Not Assessed,Learmonth Street service road (south),No Code Allocated,143.884252045146,-37.6505580138218
No Code Allocated,Recycle Bin Receptacle,00262980,No Code Allocated,,Not Assessed,Little Bridge Street,No Code Allocated,143.862115934938,-37.5632180326365
No Code Allocated,Recycle Bin Receptacle,00262967,No Code Allocated,,Not Assessed,Lydiard Street North,No Code Allocated,143.857961955355,-37.5603789239351
No Code Allocated,Recycle Bin Receptacle,00262968,No Code Allocated,,Not Assessed,Lydiard Street North,No Code Allocated,143.858210046361,-37.560331013682
No Code Allocated,Not Applicable,00262916,No Code Allocated,,Not Assessed,Sturt Street,No Code Allocated,143.821018063111,-37.5465750400755
No Code Allocated,Recycle Bin Receptacle,00262963,No Code Allocated,,Not Assessed,Sturt Street,No Code Allocated,143.855182002198,-37.5614839991998
No Code Allocated,Recycle Bin Receptacle,00262966,No Code Allocated,,Not Assessed,Sturt Street,No Code Allocated,143.856731066227,-37.5616450019288
No Code Allocated,Recycle Bin Receptacle,00262969,No Code Allocated,,Not Assessed,Sturt Street,No Code Allocated,143.859534022965,-37.561996988346
No Code Allocated,Recycle Bin Receptacle,00262981,No Code Allocated,,Not Assessed,Sturt Street,No Code Allocated,143.8604059889,-37.5625100006496
No Code Allocated,Recycle Bin Receptacle,00262982,No Code Allocated,,Not Assessed,Sturt Street,No Code Allocated,143.85737904326,-37.5621739134496
No Code Allocated,Recycle Bin Receptacle,00262983,No Code Allocated,,Not Assessed,Sturt Street,No Code Allocated,143.856053939199,-37.5620090292785
No Code Allocated,Recycle Bin Receptacle,00262984,No Code Allocated,,Not Assessed,Sturt Street,No Code Allocated,143.854275926189,-37.561778048037
Sebastopol,Recycle Bin Receptacle,00263006,R-Collector,,Not Assessed,Vickers Street,South,143.83885403935,-37.5928789742601
Lake Wendouree,Recycle Bin Receptacle,00262919,R-Primary Access Road,,Not Assessed,Wendouree Parade,No Code Allocated,143.822061954466,-37.5491369747147
Lake Wendouree,Recycle Bin Receptacle,00262920,R-Primary Access Road,,Not Assessed,Wendouree Parade,No Code Allocated,143.822274974234,-37.5480459929841
Lake Wendouree,Recycle Bin Receptacle,00262921,R-Primary Access Road,,Not Assessed,Wendouree Parade,No Code Allocated,143.823339027451,-37.5452939703415
Lake Wendouree,Recycle Bin Receptacle,00262924,R-Primary Access Road,,Not Assessed,Wendouree Parade,No Code Allocated,143.83471404656,-37.5447919931964
Lake Wendouree,Recycle Bin Receptacle,00262925,R-Primary Access Road,,Not Assessed,Wendouree Parade,No Code Allocated,143.835184007555,-37.5444719933485
Lake Wendouree,Recycle Bin Receptacle,00262926,R-Primary Access Road,,Not Assessed,Wendouree Parade,No Code Allocated,143.830903940281,-37.5437600123471
Lake Wendouree,Recycle Bin Receptacle,00262927,R-Primary Access Road,,Not Assessed,Wendouree Parade,No Code Allocated,143.824146961507,-37.5450399942476
Lake Wendouree,Recycle Bin Receptacle,00262928,R-Primary Access Road,,Not Assessed,Wendouree Parade,No Code Allocated,143.823406977617,-37.5456940439154
Lake Wendouree,Recycle Bin Receptacle,00262929,R-Primary Access Road,,Not Assessed,Wendouree Parade,No Code Allocated,143.822950922731,-37.5466449586423
Lake Wendouree,Recycle Bin Receptacle,00262930,R-Primary Access Road,,Not Assessed,Wendouree Parade,No Code Allocated,143.822760959515,-37.5473329695406
Lake Wendouree,Recycle Bin Receptacle,00262931,R-Primary Access Road,,Not Assessed,Wendouree Parade,No Code Allocated,143.822453981373,-37.5485280213907
Lake Wendouree,Recycle Bin Receptacle,00262943,R-Primary Access Road,,Not Assessed,Wendouree Parade,No Code Allocated,143.82514898247,-37.5562460112815
Lake Wendouree,Recycle Bin Receptacle,00262944,R-Primary Access Road,,Not Assessed,Wendouree Parade,No Code Allocated,143.829616008876,-37.5558329503581
Lake Wendouree,Recycle Bin Receptacle,00262945,R-Primary Access Road,,Not Assessed,Wendouree Parade,No Code Allocated,143.830314980254,-37.5557419351576
Lake Wendouree,Recycle Bin Receptacle,00262946,R-Primary Access Road,,Not Assessed,Wendouree Parade,No Code Allocated,143.831718035646,-37.5556890736378
Lake Wendouree,Recycle Bin Receptacle,00262947,R-Primary Access Road,,Not Assessed,Wendouree Parade,No Code Allocated,143.832065945055,-37.5555960215352
Lake Wendouree,Recycle Bin Receptacle,00262948,R-Primary Access Road,,Not Assessed,Wendouree Parade,No Code Allocated,143.837723985582,-37.5558740136522
Lake Wendouree,Recycle Bin Receptacle,00262949,R-Primary Access Road,,Not Assessed,Wendouree Parade,No Code Allocated,143.838337036889,-37.5557620403066
Lake Wendouree,Recycle Bin Receptacle,00262950,R-Primary Access Road,,Not Assessed,Wendouree Parade,No Code Allocated,143.83837100989,-37.5560159558855
Lake Wendouree,Recycle Bin Receptacle,00262951,R-Primary Access Road,,Not Assessed,Wendouree Parade,No Code Allocated,143.838823052473,-37.5558009865524
Lake Wendouree,Recycle Bin Receptacle,00262954,R-Primary Access Road,,Not Assessed,Wendouree Parade,No Code Allocated,143.841575953091,-37.5557400277452
Lake Wendouree,Recycle Bin Receptacle,00262955,R-Primary Access Road,,Not Assessed,Wendouree Parade,No Code Allocated,143.8422749599,-37.5550399972445
Lake Wendouree,Recycle Bin Receptacle,00262957,R-Primary Access Road,,Not Assessed,Wendouree Parade,No Code Allocated,143.842517022973,-37.5542650110787
Lake Wendouree,Recycle Bin Receptacle,00262959,R-Primary Access Road,,Not Assessed,Wendouree Parade,No Code Allocated,143.845043977669,-37.550489075411
Lake Wendouree,Recycle Bin Receptacle,00262960,R-Primary Access Road,,Not Assessed,Wendouree Parade,No Code Allocated,143.844912064478,-37.5487290406772
Lake Wendouree,Recycle Bin Receptacle,00262961,R-Primary Access Road,,Not Assessed,Wendouree Parade,No Code Allocated,143.840489066991,-37.5448610705616
Lake Wendouree,Recycle Bin Receptacle,00262932,No Code Allocated,,Not Assessed,Windmill Drive,No Code Allocated,143.822189964352,-37.5499890334584
Lake Wendouree,Recycle Bin Receptacle,00262933,No Code Allocated,,Not Assessed,Windmill Drive,No Code Allocated,143.822137987399,-37.5505940874445
Lake Wendouree,Recycle Bin Receptacle,00262934,No Code Allocated,,Not Assessed,Windmill Drive,No Code Allocated,143.822260974355,-37.5511299885987
Lake Wendouree,Recycle Bin Receptacle,00262935,No Code Allocated,,Not Assessed,Windmill Drive,No Code Allocated,143.822431953315,-37.5515849962981
Lake Wendouree,Recycle Bin Receptacle,00262936,No Code Allocated,,Not Assessed,Windmill Drive,No Code Allocated,143.822633948281,-37.5522439859229
Lake Wendouree,Recycle Bin Receptacle,00262937,No Code Allocated,,Not Assessed,Windmill Drive,No Code Allocated,143.823258015127,-37.5522950123242
Lake Wendouree,Recycle Bin Receptacle,00262938,No Code Allocated,,Not Assessed,Windmill Drive,No Code Allocated,143.823117955216,-37.551394044901
Lake Wendouree,Recycle Bin Receptacle,00262939,No Code Allocated,,Not Assessed,Windmill Drive,No Code Allocated,143.823011968306,-37.5507450134858
Lake Wendouree,Recycle Bin Receptacle,00262940,No Code Allocated,,Not Assessed,Windmill Drive,No Code Allocated,143.822946016094,-37.5503739969129
Lake Wendouree,Recycle Bin Receptacle,00262941,No Code Allocated,,Not Assessed,Windmill Drive,No Code Allocated,143.822961024485,-37.5500670018715
Lake Wendouree,Recycle Bin Receptacle,00262942,No Code Allocated,,Not Assessed,Windmill Drive,No Code Allocated,143.822452940517,-37.5497060223705
Lake Wendouree,Recycle Bin Receptacle,00262922,No Code Allocated,,Not Assessed,Zoo Drive,No Code Allocated,143.822845990418,-37.5450789664804
